{
    "src/addons/HappyBoard/ConvoPlus/addon.json": "551ecdc2df1df641c995b43d06cae0f17e96d508d579e09ed26aa11434734ddd",
    "src/addons/HappyBoard/ConvoPlus/Cli/Command/DestroyConversation.php": "23a6cbf1217a55bdb4151454f88d65482da97cda4cfaaa657be8e4c730bca8fe",
    "src/addons/HappyBoard/ConvoPlus/Cron/ConversationPrune.php": "11620e685c35c6934e5add5889379d08871895fb0cb3cd3df1404c3983426a50",
    "src/addons/HappyBoard/ConvoPlus/Notifier/ConversationMessage/Mention.php": "7fac6ec40ad7cce4a1b6509f2eec4007a2557f2804a4bac79682903913d3294e",
    "src/addons/HappyBoard/ConvoPlus/Notifier/ConversationMessage/Quote.php": "5cf3a9be1093e145ebae8f6ad712a7138c876d86b0aad173f103f7d9248eafd7",
    "src/addons/HappyBoard/ConvoPlus/Setup.php": "eb47ec713e228994567d82d7e55f3ac8835f87f0d0084f8c1bb38344f41fce9d",
    "src/addons/HappyBoard/ConvoPlus/XF/Alert/ConversationMessageHandler.php": "0c7881f81a1e13e648e979db19a8eaa49e0c6f6344bc990730f0afce38ab54be",
    "src/addons/HappyBoard/ConvoPlus/XF/Entity/ConversationMaster.php": "6a06f70a5ac9ab893e34d882d2b04e0d28d3017f56b5437121843bc8399d4bfe",
    "src/addons/HappyBoard/ConvoPlus/XF/Entity/ConversationMessage.php": "266858bed9d776a14e62dc3edda2645023db2b56806307c3bedcc517cf04f10b",
    "src/addons/HappyBoard/ConvoPlus/XF/Entity/ConversationRecipient.php": "8dd86d67f6f0fe0e35824a91a7ec3f73f431f2c0ea0de179471429b0dd193d0e",
    "src/addons/HappyBoard/ConvoPlus/XF/Entity/ConversationUser.php": "de86b1f8ee46cf2564d2718ed36316f3653491755ad7c8b026b6f0a09a52c622",
    "src/addons/HappyBoard/ConvoPlus/XF/Finder/ConversationRecipientFinder.php": "bf7f13c14a0e86d896d3ca2ef97550165c6bfed263fd405139453af1d44f09b5",
    "src/addons/HappyBoard/ConvoPlus/XF/Pub/Controller/ConversationController.php": "10729c6c968d610e98429e4abc002e69013e9ed024d768e68ab0a400289979b1",
    "src/addons/HappyBoard/ConvoPlus/XF/Pub/Controller/ReportController.php": "bf3eee531ff132f1386fecaa6879d6c41fbce204c88c2e7a249e34bb1a3fe16e",
    "src/addons/HappyBoard/ConvoPlus/XF/Repository/Conversation.php": "7b4d572cb0d76890576d5028cc294e1ed5fbc4c465d473332ead9989e40de73f",
    "src/addons/HappyBoard/ConvoPlus/XF/Service/Conversation/MessageManagerService.php": "3d48704c269ff2f8aa434afd2b94d0c0c81c4b472f85fb1442660e7a16f0738a",
    "src/addons/HappyBoard/ConvoPlus/XF/Service/Conversation/NotifierService.php": "0fc74f1f19c8d50a958269bc5ac2cacbf6660b86a7c36d28a5ab78cdc1752e69",
    "src/addons/HappyBoard/ConvoPlus/XF/Service/Conversation/ReplierService.php": "93176e8d47308b2fcb69bc28a0aca3a91fff6e924750f3d76e0812cf82d1c8cd",
    "src/addons/HappyBoard/ConvoPlus/_data/activity_summary_definitions.xml": "99d8c2563a31320d66f958fc8bda78613545f5f7959bb3cf5318805e3a3c39d2",
    "src/addons/HappyBoard/ConvoPlus/_data/admin_navigation.xml": "064ec797484ac00d5ee37367b50b06846d11f480d00550997712707f8fdac8c0",
    "src/addons/HappyBoard/ConvoPlus/_data/admin_permission.xml": "ec6fb97cebf0bceb24f1ed1d5778c1db54eeb7535fbb3e31d824840e7aa9ff87",
    "src/addons/HappyBoard/ConvoPlus/_data/advertising_positions.xml": "d2f7cbe844bb1df3cf878d22ff6306249245c8ff6b0b87b9b729744bec538261",
    "src/addons/HappyBoard/ConvoPlus/_data/api_scopes.xml": "6793eaf758f140e8137187ba20e65f4faccf53410433ae3ad7a8b3b38cb6b3b7",
    "src/addons/HappyBoard/ConvoPlus/_data/bb_codes.xml": "faa4ddd5f4a365e5ac39aebdcbe2d25aedf74e7eb9ea4a812766e2fd5e13bdb1",
    "src/addons/HappyBoard/ConvoPlus/_data/bb_code_media_sites.xml": "29762987990187b33e43cfb68c08dc917b2d3f0176613d78f8e6c453f82da3f3",
    "src/addons/HappyBoard/ConvoPlus/_data/class_extensions.xml": "9e93ac063d7e1548780404f7974eef88c276c3f12b6f0cd464f134a406f0371d",
    "src/addons/HappyBoard/ConvoPlus/_data/code_events.xml": "8370dec3df47f91df4cf79da253446ad11b29f4ea568fe76c774e97a0379f0eb",
    "src/addons/HappyBoard/ConvoPlus/_data/code_event_listeners.xml": "d6b5072f4909dee7a20ee9e44b163f95c8aa52e6ac7f573e292000cd9238c331",
    "src/addons/HappyBoard/ConvoPlus/_data/content_type_fields.xml": "c7ad5472b28f465b7ac7617627707eba1b7a39d28089460d52e1ed292fc0b06a",
    "src/addons/HappyBoard/ConvoPlus/_data/cron.xml": "3764fd8089bd6d81d214b886f3a9bf4bff4a0b7690650b270a7be21bc0cd7e51",
    "src/addons/HappyBoard/ConvoPlus/_data/help_pages.xml": "a8a0c0b06cdc550438bc8a8d385af3e1e5ab3459877dfb934c1c31be59c89163",
    "src/addons/HappyBoard/ConvoPlus/_data/member_stats.xml": "89fb2b93ff1eca7a1f6f752248edf6090dfd24037db1446fd18ff7143f08124d",
    "src/addons/HappyBoard/ConvoPlus/_data/navigation.xml": "f75e1c03a45a360bbdfcd0567121665082315068475d5b0feb8b1acbb1688651",
    "src/addons/HappyBoard/ConvoPlus/_data/options.xml": "1cea29aa5671733d85c8fc6f7c66128eacbca5643cbb38585eb82002879b51a4",
    "src/addons/HappyBoard/ConvoPlus/_data/option_groups.xml": "154d7a89664b243d0bd8227c22e241f934bf7e196c83230ee23d3c0c4fba1333",
    "src/addons/HappyBoard/ConvoPlus/_data/permissions.xml": "7e4fc7d5826733d15ea2d8936b9bdd41afcaad810eb38e50da3c8d8eafda1550",
    "src/addons/HappyBoard/ConvoPlus/_data/permission_interface_groups.xml": "3177224e96458b829aa7fb24866dda9e0455a4922aee3d669b53f59a1ffdf5d1",
    "src/addons/HappyBoard/ConvoPlus/_data/phrases.xml": "b865279f53c2695b925e317e8a7b1895091e7bb26e4f9ecaa5aab5633a1668ba",
    "src/addons/HappyBoard/ConvoPlus/_data/routes.xml": "550fa64f9feedf137dd877b38c2684f94474619d2d83890dbb717a91b50da8f5",
    "src/addons/HappyBoard/ConvoPlus/_data/style_properties.xml": "8b8690a8512f01f219dd2da76e3d0c5f62afc1f317b87794a7331c859c36a7a8",
    "src/addons/HappyBoard/ConvoPlus/_data/style_property_groups.xml": "68e1879cb3846c42d978487aa8d5145ff3335fc39e58016878824d5cf3fd684c",
    "src/addons/HappyBoard/ConvoPlus/_data/templates.xml": "d303202499997e456194f21a2a3f236dceb4f74f0604b6708da4bf3e8bd1bbf0",
    "src/addons/HappyBoard/ConvoPlus/_data/template_modifications.xml": "c94947b8ba9476167177404393d29d5dde5fcc327764a9851020ab0943c8d8b2",
    "src/addons/HappyBoard/ConvoPlus/_data/widget_definitions.xml": "37e46965256430f24004c2e7f08ba08f9b0d1cbcc4d70e84b3f4e3ffb713e64b",
    "src/addons/HappyBoard/ConvoPlus/_data/widget_positions.xml": "a29cee66134f6bc5d75ed9df1eef21096c24401915c5b5c774389c3d7bb2d5b3"
}